username,is_private,posts,following,followers,bio,location,join_date
ChenAharoni,False,2186,156,5367,מי אתה?,tel-aviv,joined june 2011
alterman,False,3574,302,27400,N/A,N/A,joined december 2007
izhar_ashdot,False,1829,387,6454,יזהר אשדות מוזיקאי,tel aviv,joined september 2009
yonibloch,False,174,290,31500,fish don't have any feelings?!,israel,joined february 2009
avior,False,2054,216,626,"singer-songwriter. 
more about me at",israel,joined july 2008
arkashamusic,False,711,81,5139,בגדול… עושה מוזיקה,N/A,joined july 2012
fisherdu,False,388,0,2806,dudu fisher singer and stage performer famous worldwide. dudu released over 36 albums including songs in hebrew yiddish and english.,isreal usa,joined may 2009
RamiFortis,False,145,5,574,the official rami fortis twitter page,N/A,joined september 2013
avivgeffen,False,3039,49,193000,aviv geffen facebook:,israel / london,joined april 2009
IdoBZooki,False,891,355,1299,king of yourself,N/A,joined january 2012
dennislloyd_,False,449,8,6017,alien out now,N/A,joined january 2015
Moshe_Peretz,False,3,0,36600,הטוויטר הרשמי של משה פרץ,ישראל,joined november 2010
idanraichel,False,2501,188,18200,the official twitter of idan raichel,N/A,joined september 2009
ShlomiShabat1,False,1630,110,28200,N/A,N/A,joined december 2011
SkaatHarel,False,1022,1,8296,harel skaat facebook:,tel aviv- israel,joined november 2010
Dudutassa,False,82,82,514,http://,N/A,joined april 2017
amit_segal,False,22500,46,834700,פרשן פוליטי | חדשות 12 וידיעות אחרונות | אבא של עברי ענר ואליענה | ירושלים הבירה,jerusalem israel,joined february 2010
itaianghel,False,56,191,4264,correspondent and documentary filmmaker - uvda - israeli tv,N/A,joined august 2009
MiddleIsrael,False,183,1,1598,"מחבר ""מצעד האיוולת היהודי""

hartman institute",N/A,joined september 2013
EylonALevy,False,16900,2328,225600,former spokesman for the state of israel & international media advisor to the president of israel,tel aviv israel,joined january 2012
uriavnery,False,0,4,633,N/A,N/A,joined september 2009
avner_avraham,False,1,40,1,N/A,שדי אברהם,joined march 2019
EytanAvriwel,False,0,22,1,founder and magazine editor of themarker israel’s most respected source of business news and analysis. columnist. tv commentator. lecturer.,üt: 32.13954934.872416,joined april 2018
AyoubLucy,False,7,85,2997,כתבת ומגישה ב״כאן תאגיד השידור הישראלי״ סטודנטית לפילוסופיה כלכלה ומדע המדינה באוניברסיטת תל אביב.,israel,joined august 2014
OrlyAzoulay,False,3183,1980,2926,orly azoulay is the washington bureau chief for yedioth ahronoth the largest daily newspaper in israel. she is author of obama: he has a dream.,washington d.c.,joined april 2009
ZouheirBahloul,False,345,1458,5064,"חבר כנסת מטעם מפלגת העבודה.   
                        בעברו עיתונאי מרצה ושדרן ספורט.",N/A,joined october 2015
OdedBalilty,False,6,182,105,pulitzer prize winning photojournalist associated press chief photographer for israel west bank and gaza.,N/A,joined july 2022
NirBaram,False,37400,861,10100,סופר מרצה קצת סרטים ומורה לכתיבה. לסדנאות הכתיבה שלנו - nirbaram2@gmail.com,N/A,joined december 2012
DavidBedeinIRR,False,18,1,91,news items and analyses you often do not see in your standard mainstream electronic or print media even if you live in the middle east.,jerusalem israel,joined october 2009
alonbd,False,8527,727,361400,senior defense correspondent -channel 13 tv. פרשן צבאי חדשות 13,israel,joined august 2009
yonibmen,False,164800,657,19100,"يوني بن مناحيم עיתונאי ומזרחן אסטרטגיה לניהול משברים מדיניים ופוליטייםיועץ לענייני מודיעין וטרור מרצה בנושאי מזה""ת ותקשורת.מגשר ומומחה למו""מ.film maker",journalist & politcal analyst,joined march 2016
ElihuBenOnn,False,7721,4393,2222,אליהוא בן-און radio talk show host the israeli connection +972546426377 ebo4040@gmail.com,israel,joined april 2009
danielbensimon1,False,15,119,194,מנסה כל חיי להבין ולפענח את הפסיפס הישראלי. כעיתונאי בדבר והארץ. כסופר שחיבר חמישה ספרים על החברה הישראלית וכחבר כנסת במפלגת העבודה. מעריך שהצלחתי הייתה חלקית.,N/A,joined september 2019
noambenzeev,False,21,22,76,...writing learning teaching,tel aviv,joined september 2012
alufbenn,False,1026,188,16600,editor-in-chief at haaretz,tel aviv,joined may 2009
ronenbergman,False,7621,1618,55000,"the new york times yedioth ahronoth author of “rise and kill first"" a mossad history. one of writers of ""a long & boring story"" according to",tel aviv  israel,joined september 2008
marwanbishara,False,14400,394,77200,politologue author columnist.,here and there,joined january 2012
uri_blau,False,4057,2589,9663,investigative journalist |,washington dc,joined may 2013
RuthieBlum,False,5351,2678,4970,senior contributing editor/columnist,tel aviv,joined february 2012
jeremybob1,False,10900,1461,15700,author/lecturer:,israel,joined march 2012
nava_boker,False,3243,1007,5826,לשעבר ס.יו״ר הכנסת יו״ר וועדת המשנה לכבאות והצלה עיתונאית ויועצת תקשורת.,N/A,joined november 2015
AhronBregman,False,3576,4306,3093,writes israel & middle eastern affairs substack (,london england,joined november 2012
TzvikaBrot,False,63,88,660,צביקה ברוט ראש עיריית בת-ים,bat yam israel,joined august 2016
Bradley_Burston,False,6,320,17,"journalist and author the end of israel.
for more",israel,joined december 2023
BenCaspit,False,62800,1368,421500,"author of the best seller the netanyahu years senior columnist 
walla maariv al-monitor radio 103 fm keshet ch. 12 retweets do not imply endorsement.",ישראל,joined september 2012
amichaich,False,433,320,270,[עמיחי חסון],jerusalem israel,joined february 2010
DREDYCOHEN,False,1866,824,13900,מזרחן חוקר ימני ציוני ליכודניק,ישראל,joined january 2022
Henrique_B_C,False,474,451,3886,עיתונאי מרצהבמאי ומומחה ליחסי חוץ והמזרח התיכון,tel aviv israel,joined march 2015
daniel__roni,False,8,52,9611,N/A,N/A,joined march 2015
ilanadayan1,False,3,1589,13200,N/A,N/A,joined september 2014
AmbDermer,False,4047,187,107600,"השר לעניינים אסטרטגיים בממשלת ישראל ה-37. שגריר ישראל בארצות הברית לשעבר.
israel’s minister of strategic affairs. former",jerusalem israel,joined march 2011
RavivDrucker,False,7861,569,413700,מגיש תוכנית התחקירים המקור פרשן פוליטי ערוץ 13,N/A,joined july 2013
boazdvir,False,1548,307,506,filmmaker; associate professor penn state; director hammel family human rights initiative,state college pa.,joined july 2009
YisraelEichler,False,4,18,909,הרב ישראל אייכלר חסיד בעלזא בן 58 אב ל14 תושב ירושלים מכהן כחבר כנסת מטעם אגודת ישראל מפלגת ׳יהדות התורה׳,לא רישמי,joined october 2013
shlomieldar,False,2333,569,16300,journalist & film director & author,israel,joined june 2009
emilykschrader,False,35100,1495,164800,journalist,israel,joined january 2012
Charles1045,False,19600,495,75400,journaliste. mes opinions exprimées sur ce réseau n'engagent que moi!,jerusalem,joined june 2009
YoelEsteron,False,2762,118,11600,publisher and founder at calcalist israel's leading business newspaper; chairman and co-founder at shomrim center for media and democracy,tel aviv,joined april 2009
Nadav_Eyal,False,63900,1811,394200,columnist,ישראל,joined july 2014
MattiFriedman,False,5209,1249,26700,writing in jerusalem.,jerusalem,joined november 2011
GalezerDoron,False,22,390,175,N/A,N/A,joined september 2012
OritGalili,False,36900,744,10700,"""הפוליטיקאי החדש במערב ובישראל"".
ph.d. in political science.
media politics lecturer.
former ""h'aaretz"" journalist",N/A,joined march 2010
GaliliEinav,False,1962,653,60400,N/A,N/A,joined november 2010
GabiGazit,False,3,5,59,כל בוקר ב10 ב 103fm,israel,joined august 2012
adivag,False,979,309,172,"סופרת. 

בין ספרי:  עוקף שיקגו היום שבו מתה האהבה צל של מלאך נעדרת ועוד. בעלת טור אישי העולם על פי סבתא. ילידת חיפה מתגוררת בלב תל אביב. אם לשלושה בנים.",tel-aviv,joined may 2012
YKleinHalevi,False,5366,278,17400,"new york times best-selling author letters to my palestinian neighbor 
""for heaven's sake"" podcast",jerusalem,joined august 2013
HananyaNaftali,False,36600,894,477500,i’m that israeli who talks to the camera about peace in the middle east,israel,joined june 2012
LahavHarkov,False,188500,3106,185100,senior political correspondent,jerusalem\tel aviv,joined june 2011
harnevo,False,31400,642,55700,entrepreneur. ex co-founder & ceo 5min (acquired by aol) & homeis; president video at aol; board at talkspace and others. new stuff in stealth coming soon…,israel,joined september 2008
davidhazony,False,79600,1380,30600,director & senior fellow @ z3 institute,jerusalem,joined may 2009
yizhar_hess,False,3757,830,1817,סגן ומ״מ יו״ר ההסתדרות הציונית העולמית — vice chair of,ישראל,joined august 2015
huberman120,False,853,141,1563,עורך שבועון הציונות הדתית 'מצב הרוח',israel,joined june 2017
Gil_Hoffman,False,18800,730,31200,honestreporting,jerusalem israel,joined july 2011
SJ_works,False,108,149,31,communications and brand strategist media relations director storyteller and inspector of culture and human behavior,annapolis md,joined february 2012
tamarishshalom,False,7449,2013,97300,anchor channel 13 news israel,ירושלים,joined august 2012
issacharoff,False,6697,1763,50800,middle east analyst writer producer creator fauda faraway road productions עברית عربي، english. מספר 8 אורי מלמיליאן הגדול מכולם,N/A,joined june 2012
anat_kamm,False,40300,742,24000,haaretz opinions & games. was a childless cat lady before taylor made it cool. i'm fine with calling it soccer,N/A,joined october 2021
HerbKeinon,False,4285,233,15400,jerusalem,israel,joined march 2009
AaronKleinShow,False,27000,406,31300,ex-reporter & radio host/senior adviser for,israel,joined may 2009
nickkolyohin,False,640,582,117,@newsmax,israel,joined november 2019
gideonle,False,2314,400,47700,N/A,N/A,joined june 2012
libsker,False,29,416,113,ari libsker a journalist from calcalist israel,N/A,joined august 2011
KalmanLiebskind,False,9428,490,181000,בעל טור ב,N/A,joined march 2013
tavlool,False,53,275,3255,N/A,תל אביב,joined november 2015
YinonMagal,False,70600,315,427900,בת-ים ירושלים צבא הודו קול ישראל גלי צהל ערוץ 10 ערוץ 1 וואלה כנסת בית ערוץ 14 103fm טלגרם פייסבוק אינסטגרם טיקטוק. חלק מהתכנים לא סאטריים,ישראל,joined november 2012
ArieMaliniak,False,488,166,1963,N/A,N/A,joined march 2016
Danmargalit,False,10400,25,164800,N/A,N/A,joined april 2013
ymedad,False,130600,1614,6334,"residing as a jewish revenant in shiloh; educator; columnist; media analyst; yesha resettler activist. photo: miri tzachi ז""ל.
תושב שילה. פעיל רב-גווני.",shiloh mateh binyamin israel,joined september 2008
yossi_melman,False,17300,495,35900,journalist author spies against armageddon,N/A,joined march 2014
ela1949,False,7344,1205,83100,״כאן״ תאגיד השדור הציבורי,N/A,joined march 2012
Amirmizroch,False,54000,15100,16400,dejargonizer | formers:,tel aviv,joined january 2009
TaliMoreno_,False,993,801,10100,anchor and editor of the saturday evening news show at,israel,joined january 2019
ariehos,True,621,N/A,N/A,i am a correspondent and anchor at israel public radio english news in israel registered tour guide whiskey brewer and storyteller living in  srigim israel,N/A,joined march 2009
AnshelPfeffer,False,48300,2711,74200,mancunian hack,jerusalem,joined august 2012
Sheizaf,False,1261,120,1178,information cmc computer-mediated communication online simulations e-learning e-business e-managing. info society. knowledge management.,israel,joined march 2007
SivanRahav,False,9051,1702,162500,"אשת תקשורת מרצה אימא לחמישה

mother journalist lecturer",N/A,joined january 2013
AmirRapaport1,False,316,447,1149,author and entrepreneur. cyber and defense commentator. founder of cybertech global and israeldefense. defense  commentator of makor rishon,N/A,joined july 2020
BarakRavid,False,147900,796,357800,global affairs correspondent for axios. cnn analyst. washington correspondent for walla. author of trump's peace. link in bio,washington dc,joined may 2011
havivrettiggur,False,54700,1996,50700,politics israel and israeli-palestinian conflict,jerusalem israel,joined march 2009
grolnik,False,14600,3720,157900,founder themarker - israel's leading business newspaper. clinical professor of strategic managment university of chicago booth business school,N/A,joined january 2011
emmanuelrosen2,False,13600,3069,13700,כותב מצלם חוקר ועורך - writing shooting researching editing,תל אביב ישראל,joined october 2016
mikiros1,False,9405,549,49200,עיתונאי (בגימלאות) חבר-כנסת (לשעבר) חוסם את מי שמנבל את פיו (בהווה),ישראל,joined october 2013
rosnersdomain,False,13500,1044,9395,הקיפוד והשועל המדד כאן חדשות המכון למדיניות העם היהודי מעריב jewish journal. מכבד מחלוקות וחוסם את כל מי שמגיב בצורה לא מנומסת.,tel aviv,joined march 2009
Adi_Schwartz,False,2155,319,2967,N/A,N/A,joined december 2009
ErelSegal,False,49300,2076,171000,"ערוץ 14
103fm",N/A,joined february 2013
haggai_segal,False,8435,270,84500,כותב במקור ראשון סבא של מתנחלים צעירים רבים ושל עוד קומץ מתוקים שיתנחלו בעתיד,ישראל,joined january 2015
mulisegev,False,2077,840,34800,executive producer,tel aviv israel,joined september 2010
JS_Sellem,True,18,N/A,N/A,"je lis et j'écris des livres. 
admirateur de max nordau.
lecteur d'orson welles de samuel huntington de nabokov d'asimov & de houellebecq.",israel,joined july 2009
DrNachmanShai,False,5735,499,16900,שר התפוצות בממשלת ישראל ה36,jerusalem israel,joined january 2012
ChemiShalev,False,34300,2164,31300,israel and us affairs analyst very worried israeli,tel aviv,joined march 2009
amsterdamski2,False,84800,1675,234700,עיתונאי ב-,israel,joined april 2009
OferShelah,False,655,171,52200,N/A,N/A,joined april 2018
BambiSheleg,False,128,82,165,עיתונאית ופובליציסטית,N/A,joined july 2014
harpatkaot,False,8462,722,2007,"writer
 סופר",yafo מצפה רמון,joined june 2009
saulsinger,False,3970,999,7886,co-author of “the genius of israel” and “start-up nation”.,jerusalem israel,joined may 2009
evgenysova,False,520,105,3204,ח״כ יבגני סובה סגן יו״ר הכנסת,ירושלים,joined october 2010
KseniaSvetlova,False,23900,2294,28800,executive director,israel,joined april 2012
yairtar,False,37400,1743,29100,"עיתונאי סוציאליסט חובב משחקי מילים ואוהד חולוניה. כבר לא יושב ראש ארגון עיתונאים

לאתר שלי:",israel,joined july 2009
AidaTuma,False,5710,720,20900,"ח""כ מטעם חד""ש ברשימת חד״ש- תע״ל. כיהנה כיו""ר הועדה לקידום מעמד האשה ושוויון מגדרי בכנסת  ה-24.",עכו,joined february 2015
daum_hb,False,481,129,2130,"i will die for living. as a jew...  
חי על עם ישראל חי 
פשוט מת על זה.",רמלה,joined december 2014
yiramne,False,1705,2,127,N/A,N/A,joined january 2023
YtySgl,False,6658,780,1905,מאוהב בהיסטוריה ומפלרטט עם פילוסופיה. כותב על אירועים הסטוריים ואקטואליים מזווית ימנית. מומחה לשיווק דיגיטלי אבל התוכן הזה שמור לפלטפורמות אחרות.,ישראל,joined april 2022
aymansikseck,False,1033,947,1181,"מחבר ""תשרין"" ""אל יפו"".",israel,joined august 2013
noam_fathi,False,19500,384,96300,N/A,N/A,joined august 2013
AvielBasin,False,347,52,6965,N/A,israel,joined february 2017
TomerAvital1,False,24000,1505,46800,"אקטיביסט עיתונאי עצמאי וממייסדי 'שקוף' 'לובי 99' ו'נשנושי שירה'. 

independent journalist author and yoga instructor",israel,joined december 2014
meiretingr,False,21800,106,9161,תחקירן בקול היהודי,N/A,joined january 2017
arnon_Itiel,False,7,77,25,N/A,N/A,joined february 2024
edoamin,True,27700,N/A,N/A,a media artist/producer. creating communicating and researching facts & narratives and the tech used to create & propagate them. פריטים במהדורה מוגבלת בלינק,rehoboth,joined january 2009
Idaneretz,False,174100,1785,51300,"טרול עם פואנטה

data journalist",israel,joined march 2017
barzik,False,95200,112,53300,senior software architect at,israel,joined february 2009
ygurvitz,False,149900,946,20200,"blogger editor writer and photographer.
palestinian lives matter bds

קראתי הבנתי דחיתי.
מתייוון אפיקוראי מחסידי אריאדנה

patreon:",petah tikva,joined march 2008
eitangafni,False,143,226,67,founder and producer of hallelujah global jewish singing contest,israel,joined august 2009
noamdovev,False,2589,777,759,"אמן פלינדרומים וכותב באילוצים. מחבר ספרי השירה הפלינדרומית היחידים בעברית: ""הלימת מילה"" ו""כְּשֶׁחָשַׁךְ"" וכן הפלינדרום הארוך ביותר בשפה ""משהו נוצר כרצונו השם""",israel,joined june 2009
yuval_dror,False,6691,60,14800,פה יופיע תיאור תמציתי שיסביר מי אני ב-160 תווים.,N/A,joined december 2008
EranHIl,False,3468,643,3927,עיתונאי עצמאי זמן ישראל מנחה לשעבר ברשת 13 עורך ומגיש לשעבר בקול ישראל ובתאגיד השידור כאן פרשן לילה כלכלי והיום שהיה,محافظة البلقاء المملكة الأردن,joined may 2013
da_shadow,False,99,58,5690,you want the truth ? you can't handle the truth !,israel,joined march 2010
VeredTohar,False,271,1731,318,חיית חושך מפלצת צהובה שדון לילה פייה טובה,קנזס,joined july 2022
efitriger,False,80400,3870,18900,"senior anchorman in glz radio  good morning israel sun-thu 6:00-8:00. 

owner and contributor at",israel,joined april 2009
nasdaily,False,1754,750,142800,i like to build stuff for humans,global,joined january 2011
lonelypeleg,False,307,750,244,i chose a different way to live my life 11 years world traveler 115 countries all continents... join my journey!,N/A,joined september 2013
carmelva,False,7876,890,1885,digital,tel aviv israel,joined may 2009
idanlandau,False,42100,364,15600,תחבירן ופולמוסן. נזהר בצוננין,israel,joined july 2014
yoav82,False,15,49,67,מעצב אופנה איש תקשורת ואקטיביסט גאה,באר שבע,joined july 2009
eliranmalki,False,16900,577,7439,פעם עיתונאי היום מורה לאזרחות. חוקר אקדמי בתחום עבירות מין בילדים. יוצר הפודקאסט ״הזירת הפלילית״. פסימי שמן ציני מתנשא - וזה רק הדברים הטובים שאומרים עליי,israel,joined february 2011
nirmenussi,False,852,143,266,"rabbi author teacher. 
רב סופר ומרצה. מחבר הספרים 'הבוקר  שאחרי: מה קרה לאהבה בעידן החופש?' ו'מי זאת עולה: נשים בתורה על פי הקבלה והחסידות'",תל אביב ישראל,joined march 2011
UriMisgav,False,788,25,4153,כאן יוזר הטוויטר (הנטוש) של אורי משגב,מדינה בקריסה,joined june 2023
Guy_Pod,False,163,22,1299,לא יודע,israel,joined april 2013
HilzFuld,False,215900,N/A,N/A,proud zionist/jew global speaker (50+ cities) tech columnist (tc inc vb fastco)/advisor (google microsoft oracle) dad x5. we will dance again!,israel,joined august 2008
TomerPersico,False,30300,1132,45600,scholar of contemporary religion / research fellow,jerusalem,joined august 2015
BokerIris,False,274800,2615,44800,מוזמנים לפודקאסט שלי חדשות האפוקליפסה  גאופלטיקה אסיה וכמובן סין.,israel,joined october 2018
EllaTravelsLove,False,71400,996,74700,N/A,somewhere over the rainbow,joined april 2016
idokius,False,185700,42100,45800,הכל בכל מקום בבת אחת,עברי מהאינטרנט,joined october 2007
jonklinger,False,38300,170,17800,author of bestselling privacy policies as seen on your phone.,ramat hasharon israel,joined july 2007
KavHamashve,False,367,0,149,הערות רשומות וקישורים. טוויטר באנגלית yoavkarny@,וושינגטון,joined may 2022
envirohaaretz,False,99,15,816,עיתונאי סביבה,N/A,joined december 2019
SchwartzTichon,False,16000,760,5239,"רועי שוורץ תיכון | יו""ר ומייסד נוע תנוע - תחבורה בשבת | פודקאסטר ובלוגר כלכלי | ליכודניק",israel,joined may 2009
ravivshechter,False,8336,365,2077,"אופטימיסט בלתי נלאה עד שזה מגיע להפועל. ובעיקר בכל הקשור לאלו שמנהלים אותה.
רוצים לדעת מה אני באמת חושב? בואו ל-dbl.news",N/A,joined april 2009
sagibraitner,False,19,22,48,N/A,N/A,joined october 2014
SemionGrafman,False,0,14,117,יו״ר מפלגת בטחון חברתי. המפלגה החברתית האמיתית של מדינת ישראל !,israel,joined march 2019
ivgiz,False,25500,1606,195800,במידה ונפגעתם מתוכן כלשהו אנא כתבו לי ואחסום אתכם,N/A,joined july 2011
AmirHetsroni,False,24500,302,17300,professor of communication free speech and pro-vaccination activist.,ישראל,joined march 2015
AmirMoyal,False,25600,482,51600,"קומיקאי שאוהב לשחק עם מילים.
הסטנדאפיסט הכי מצליח בקרני שומרון
להזמנת הופעות: amirmoyalshow@gmail.com",N/A,joined july 2011
razsapani,False,2,1,66,writer | director | actor | youtuber,ישראל,joined july 2015
DennisCharkov,False,147,61,153,N/A,ישראל,joined december 2015
AlfiGuri,False,6438,500,400600,basson player for events and bar mitzvahs,israel-la-ramat gan-respect,joined june 2011
Liorashkenazi69,False,53,236,349,actor,tel aviv,joined december 2016
yanivbiton99,False,1478,939,54000,יניב ביטון,N/A,joined august 2011
AngelBonanni,False,18,8,1342,(actor) (singer) (man),everywhere,joined august 2009
MikeBurstyn,False,42,14,10,N/A,los angeles,joined april 2017
bestoftomer,False,54,5,113,daily updates fan account dedicated to the boys actor tomer capone.,N/A,joined june 2024
oshricohen,False,723,25,2150,N/A,israel,joined march 2010
theurigeller,False,9152,121,56700,one of the world’s most investigated mystifiers. originated spoon-bending.,old jaffa israel,joined may 2009
ishaigolan,False,69,86,2805,N/A,N/A,joined september 2012
normanissa,False,141,15,136,N/A,N/A,joined august 2009
MarkIvanir1,False,3381,73,914,screen actor. book reader. family man.,los angeles,joined november 2012
OhadknollerOhad,False,624,154,8014,find what you love and let it kill others,N/A,joined august 2013
yairlapid,False,11300,198,498600,אנחנו הרוב,ישראל,joined december 2014
OriPfeffer,False,1458,88,7242,actor. secret agent. turn to dig on usa come march 5,N/A,joined december 2010
lioraz,False,676,652,51100,N/A,N/A,joined april 2009
Kirill_Safonov,False,4665,77,12300,office(c),moscow / tel-aviv,joined august 2009
tomashinyu3,False,23600,1804,13500,בשל לסבאות משותפת,יפו,joined march 2017
OferShechter,False,1881,79,16200,"actor / comedian
כרטיסים להופעות בלינק",life,joined december 2011
tomersisley,False,99,24,9565,N/A,N/A,joined june 2009
TamamAmos,False,5,8,59,יליד 1977. שחקן תיאטרון טלויזיה וקולנוע. בוגר בית הספר למשחק בסמינר הקיבוצים. זוכה פרס האקדמיה לטלוויזיה לשחקן הטוב ביותר לשנת 2012.,תל אביב,joined november 2014
y_tumarkin,False,83,160,230,N/A,N/A,joined january 2016
geula_even,False,4148,963,81100,N/A,N/A,joined february 2015
Medabrim_IL,False,396,1,1846,לוסי אהריש מארחת מדי שישי בבוקר דמויות מפתח בחברה הישראלית ולוקחת אתכם למסע בין הפוליטי החברתי והאישי כל זאת בהשתתפות פעילה של הקהל,N/A,joined december 2019
yael_odem,False,233,313,4817,כתבת חינוך חדשות ערוץ 2,N/A,joined october 2015
amirivgi,False,7103,2243,57400,"מגיש יומן הצהריים גלצ (א-ד 12:00)

052-5667945",N/A,joined march 2012
JacobEilon,False,3378,599,44000,news anchorman and innovation enthusiast,israel,joined february 2015
tamarinewsdesk,False,3,57,1389,N/A,N/A,joined june 2009
almog_tamar,False,21600,396,45200,"פרשנית וראש תחום המשפט כאן חדשות
כאן -תאגיד השידור הישראלי
legal affairs correspondent & commentator ipbc",israel,joined january 2014
MayaZivWolf,False,5093,1758,4495,"מיה זיו-וולף |
journalist | radio & tv host | director of communications",ישראל,joined october 2013
hen_zender,False,1346,915,6734,עיתונאית מגישה בחדשות 13 henz@13news.co.il,רמת גן,joined august 2016
ZakenDanny91125,False,10100,1323,2039,"עיתונאי עם אתיקה מפקד גלי צהל לשעבר. יו""ר אגודת העיתונאים לשעבר. תיכף עוד משהו בהווה. סבא טרי.",N/A,joined april 2023
Ofer_Hadad,False,2023,648,54700,@channel2news,ישראל,joined august 2013
mikihaimovich1,False,684,171,12000,חכ במפלגת כחול לבן עיתונאית לשעבר טבעונית פעילה למען בעלי חיים וסביבה israeli mk blue and white party vegan environmental activist,N/A,joined february 2019
AyalaHasson,False,4421,906,423900,עיתונאית ומגישת ״שבע עם איילה חסון״ בכאן 11,N/A,joined november 2012
Omer_Yardeni,False,156,509,2153,N/A,N/A,joined july 2013
LeviYonit,False,1266,841,126500,evening news anchor,N/A,joined july 2014
DaphnaLiel,False,14900,569,218500,כתבת חדשות 12 בכנסת מנחה ומרצה. עדכונים שוטפים גם בטלגרם,N/A,joined march 2014
DoriaLampel,False,4936,522,73200,לא יודעת אני לא נהנית,tel aviv,joined september 2009
MiriMichaeli,False,5274,634,6955,chief news anchor at i24news | journalist communicator and lecturer,israel,joined december 2014
almazmangisto,False,616,553,10600,עיתונאית חדשות 12,israel,joined august 2016
NoyOrly,False,3388,648,11000,مترجم و روزنامه نگار ايرانى تبار در اسرائيل,N/A,joined september 2018
romy1n,False,1030,1946,6774,night_news founder,ישראל,joined july 2009
NoganNir,False,186,145,9412,זהו. הצטרפתי,N/A,joined march 2015
kobisudri,False,15000,264,18300,ישראלי-ציוני; אבא; בן זוג; עו״ד; סא״ל במיל׳;פרשן משפטי,N/A,joined october 2013
danasomberg,False,2247,704,16200,israel business development lead,tel aviv,joined july 2012
smadarpnewsdesk,False,1,25,1010,N/A,N/A,joined june 2009
liorfnewsdesk,False,1,27,398,N/A,N/A,joined june 2009
hilacovo,False,1995,1032,2801,spokeswoman at the state attorney office former anchorwoman editor and docu journalist at walla.,israel,joined december 2010
KotlerOshrat,False,80,51,8691,טוב אני בפנים,N/A,joined march 2015
danicewsdesk,False,0,49,4718,N/A,N/A,joined june 2009
Bar_ShemUr,False,19700,795,41700,מגיש ועיתונאי ״זמן אמת״ התאגיד,N/A,joined may 2010
Litalsun,False,7518,826,47100,news anchor | keynote speaker and lecturer | emmy awards juror | מחברת הספר ״כמה שווה יהודי מת?״,N/A,joined may 2010
DrMichaelOren,False,2044,230,44100,"former israeli ambassador to the u.s.
former mk and deputy minister in pmo for diplomacy
 לשעבר שגריר ישראל בארה״ב • חבר כנסת וסגן שר במשרד ראש הממשלה",israel,joined january 2015
GuyBechor,False,10400,256,27800,למבזקים 24/7 בטלגרם שלנו,israel,joined february 2010
naftalibennett,False,12400,0,648300,ראש הממשלה ה-13 של מדינת ישראל • 13th prime minister of israel,israel,joined february 2008
RanBaratz,False,5911,340,20500,N/A,N/A,joined january 2015
ShaiDavidai,False,4578,1219,105200,jewish israeli. father. partner. zionist. asst professor. barred from,nyc,joined july 2013
AttorneyNitsana,False,3583,228,7551,עו״ד ניצנה דרשן-לייטנר | לוחמת בארגוני הטרור בבתי המשפט בארץ ובעולם | נשיאת ארגון 'שורת הדין' | מתגוררת בחשמונאים | אמא לשישה מתוכם שלישייה :),חשמונאים,joined november 2012
SaraHaetzniCohe,False,28500,4132,19300,"יו""ר תנועת 'ישראל שלי' בעלת טור ב'ישראל היום' כותבת ומרצה. בעבר- מנהלת חינוכית של תנועת ביתר העולמית ירושלמית אבל מתנחלת נשואה ואם לארבעה.",ירושלים,joined january 2014
YosephHaddad,False,18400,561,283500,"يوسف حداد
פעיל חברתי והסברה מנכ''ל עמותת 'ביחד ערבים זה לזה'. גאה להיות ערבי וגאה להיות ישראלי",ישראל,joined september 2018
NirHefez,False,542,147,12100,עו״ד ניר חפץ,ישראל,joined july 2012
BDYemini,False,2636,612,26400,"עיתונאי מרצה משפטן מחבר הספר ""תעשיית השקרים"" מסכים עם עצמי רק ב־95%. משנה עמדות בהתאם לנסיבות",N/A,joined april 2009
dani17724,False,9373,29,1583,ייעוץ תקשורת דוברות ויחסי ציבור | לשעבר רדיו 'קול ברמה' (,ישראל,joined march 2015
YishaiFleisher,False,36800,3106,36000,int'l spokesman hebron,מנהל קשרי חוץ - חברון,joined april 2011
kedar_mordechai,False,6583,10800,55500,"يهودي إسرائيلي صهيوني فخور بدينه وبشعبه وبدولته وبعاصمتها التاريخية الأبدية يروشلايم
proud jewish israeli zionist israel forever!
יהודי ישראלי ציוני ומתפאר בכך",ישראל,joined august 2016
MichaelRapaport,False,108600,3741,673700,actor/comedian/director/disruptor/podcaster,where disruption breathes,joined january 2011
BradSherman,False,5915,1273,136900,proudly serving california's 32nd district in the u.s. congress. admission: some tweets are prepared by my staff on my behalf. rts are not an endorsement.,sherman oaks ca,joined april 2009
noatishby,False,4533,613,260500,2x nytimes best-selling author. israel’s former special envoy for combating antisemitism. mom.,N/A,joined april 2009
yakovahimeir,True,4749,N/A,N/A,N/A,jerusalem,joined july 2014
orlybarlev,False,95500,2443,112400,"עיתונאית עצמאית. אקטיביסטית. דמוקרטיה. שחיתות שלטונית. 
independent journalist. activist. democracy. government corruption.
tweets in english",israel,joined august 2011
talberman,False,1772,937,130699,surviving israeli media since 1993,tel aviv israel.,joined march 2009
Avrigi,False,30,59,18300,N/A,N/A,joined july 2016
AmplifyIsrael,False,938,1582,729,proud supporter of the real president - djt,austin texas,joined december 2015
kaplanir,True,23700,N/A,N/A,sportscaster,israel,joined may 2009
MeravMichaeli,False,9299,272,199600,"ח""כ יושבת ראש מפלגת העבודה לשעבר mk  former leader of the labor party",N/A,joined april 2011
JudyMozes,False,43900,249,158600,journalist radio & tv host,israel,joined april 2010
ErezTal12,False,0,13,564,"mako & keshet 
אסי הכריח אותי לפתוח",תל אביב,joined december 2017
nadavabeksis,False,68300,1011,106300,במרוקו הייתי הצייצן של המלך,israel,joined june 2011
gadler20,False,1809,710,8849,https://,N/A,joined march 2013
Sachback,False,15300,703,53400,שובב עם לב זהב || הופעות,israel,joined march 2009
YairOrbach,False,1418,110,314,N/A,N/A,joined february 2017
haim_almakis,False,32,79,13,N/A,N/A,joined october 2021
DuduErez1,False,3826,1799,5723,"להזמנת סטנדאפ לאירועים|משאלי חברה|הנחיה: 0778050603 (עדי) 
לוח הופעות סטנדאפ:",N/A,joined april 2013
shaullybadishi,False,3122,271,3372,סטנדאפיסט בוגר אקדמיה לכדורגל של מכבי שעריים,N/A,joined january 2012
ErezBirenboyim,False,8,6,64,"סטנדאפיסט הכי מצחיק בעולם (הסוכן של ארז)
ילד פח (ההורים של ארז)",N/A,joined june 2020
irmyshikblum,False,3545,615,7779,הדונם של סבתא - לינק לכל ההקרנות,תל אביב,joined july 2017
MBlumenblat,False,13200,736,28700,אם הטנדר מתנועע אל תבוא להתרועע,N/A,joined march 2014
benben009,False,132,37,81,comedianre-writerover-actingand a jue,בן בן ברוך,joined december 2010
oferandmaor,False,3,130,13,הצמד הקומי החם של השנה כוכבי תוכנית הסטנד אפ והמערכונים הצחוקייה. נכנסו לרשימת 30 השחקנים האהובים(מאקו).נבחרו לכוכבי הרשת של השנה עם הפרודיה שלהם על דרך השלום,israel,joined october 2015
HQaZk0mNZyxUXVK,False,3,72,3,אודי ואביעד,N/A,joined august 2017
talyabart,False,247,62,1543,N/A,N/A,joined november 2021
brandnathan,False,318,145,58,360 מדיה,N/A,joined may 2009
JonathanBarak,False,1795,12,282,עמוד הטוויטר של יונתן ברק,israel,joined june 2011
hanoch_daum,False,21,14,872,N/A,N/A,joined june 2009
HochmanGuy,False,2644,620,56500,קצין חיוך ראשי,N/A,joined november 2012
maorosh,False,1,145,57,שחקן  תסריטאי  סטנדאפיסט  חלק מהצמד עופר ומאור. צפו בכתבה עלינו,N/A,joined april 2009
ramivered,False,64500,896,25100,"bring them home
now
bibi go to hell",israel,joined may 2009
galithoogi,False,3975,937,11900,מאה אחוז,tel aviv,joined november 2010
orihizkiah,False,2038,0,95800,N/A,N/A,joined february 2011
tarablus,False,7036,346,239,stand-up comedian marketer dad husband lazy description writer,israel,joined november 2008
tomyaar,False,18,201,969,N/A,N/A,joined august 2009
asafitzh,False,3,11,956,סטנדאפיסט ודוגמן תחתונים,N/A,joined april 2022
HadarLeviTV,False,1296,11,95,ברוכים הבאים לטוויטר הרשמי של הדר לוי - שחקנית זמרת מנחה וקומיקאית. להזמנת מופע סטנדאפ פרטי חייגו 052-6105900,N/A,joined november 2013
Roilevis,False,15,7,70,N/A,israel,joined may 2011
ReshefLevi,False,183,130,3257,ראש מדור סיכולים ממוקדים במוסד הישראלי בדימוס,N/A,joined july 2016
assafmoryosef,False,2804,13,148,קומיקאי / סטנדאפיסט / שחקן,תל אביב,joined january 2013
mizrahihen,False,40,35,518,סטנדאפיסט,israel,joined july 2018
menimalca,False,1650,199,320,נו מה עכשיו,israel,joined june 2012
orimelamed,False,3874,313,4393,בעלים של רשת ההמבורגר ממפיס סטנדאפיסט מבקר מסעדות רב.,tel aviv,joined february 2009
aloncheek,False,808,83,9742,N/A,N/A,joined october 2011
avi_nussbaum,False,1189,355,18300,קרחת עם איש,N/A,joined november 2011
Idannaiditz,False,19700,367,22100,נושם יפה ועצמונית יש לי שתי ידיים עצלות  גר בחולון ולא נהנה,israel,joined august 2010
talso46,False,50,506,86,N/A,israel,joined february 2014
matanstandup,False,7,5,39,סטנדאפיסט רווק וכועס.,N/A,joined august 2021
YossiZabari,False,1364,338,14600,N/A,N/A,joined september 2019
ido_katzir,False,772,233,13400,בכל רחבי הארץ,כל רחבי הארץ,joined june 2009
shireuven,False,68000,406,31500,כרטיסים לסטנדאפ,tel aviv israel,joined may 2009
segev_itai,False,4203,481,4375,אין נצחון בלי החזרת החטופים,N/A,joined march 2012
shalemli,False,11,34,78,N/A,N/A,joined february 2013
mnsorabbas,False,93,135,24700,יו״ר רשימת רע״מ - הרשימה הערבית המאוחדת رئيس القائمة العربية الموحدة,N/A,joined september 2013
RadmanMoshe,False,7825,477,40000,ceo,israel,joined july 2021
Ofir_Akunis,False,121,22,776,יהודי ציוני ישראלי. הקונסול הכללי של ישראל בניו יורק.,N/A,joined may 2024
WAlhwashla,False,5614,189,1639,ח״כ מטעם סיעת רע״מ - נציג הנגב ברשימה | النائب عن النقب في القائمة العربية الموحدة,beer sheva,joined june 2012
hamad_amar11,False,270,42,280,עמוד הטוויטר הרשמי של השר לשעבר ח״כ חמד עמאר     الصفحة الرسمية للوزير السابق، عضو الكنيست حمد عمار,N/A,joined january 2023
dudiamsalem,False,5107,246,170500,"שר במשרד המשפטים |
שר לשיתוף פעולה אזורי |
השר המקשר בין הממשלה לכנסת",ישראל,joined may 2015
ettyatia,False,1299,27,5588,חברת כנסת מטעם סיעת הליכוד החל מהכנסת ה-21. חורטת על דגלי את תחומי הרווחה והחברה,רמת גן,joined may 2019
OrnaBarbivay,False,1395,591,37800,אלופה במיל׳ חכ״ל במפלגת ״יש עתיד״ ושרת הכלכלה לשעבר חברת מועצה בעיריית ת״א,N/A,joined april 2016
NirBarkat,False,2330,248,61300,שר הכלכלה והתעשיה ח״כ מטעם הליכוד צנחן יזם ראש העיר ירושלים בשנים 2008-2018. נשוי לבברלי ואב לשלוש בנות.,ישראל,joined july 2015
VladimirBeliak,False,23900,1570,45300,חבר כנסת מסיעת יש עתיד חבר בוועדת הכספים. רואה חשבון משפטן. בא לשנות למען ישראל יהודית דמוקרטית וליברלית. תצטרפו לערוץ:,מודיעין מכבים רעות,joined november 2012
Meravbenari,False,11100,177,61200,אמא של אריאל,N/A,joined april 2015
Ram_Ben_Barak,False,1716,342,36700,מושבניק מוסדניק אבא סבא ואחד שאכפת לו,israel,joined august 2017
BentzurYoav,False,666,170,5171,שר העבודה,ישראל,joined june 2016
BismuthBoaz,False,2160,159,86800,חבר כנסת מטעם הליכוד. לשעבר עורך ראשי של ישראל היום. אבא לנעמי דוד מיכל ומאי. נשוי לונסה ואוהד ליברפול,N/A,joined february 2017
davidbitan,False,1394,354,61600,חבר הכנסת דוד ביטן מסיעת הליכוד.,N/A,joined may 2015
DebbieBiton,False,3133,271,2726,ח”כ יש עתיד,N/A,joined november 2022
MichaelBiton4,False,986,389,10200,חבר כנסת ה-25 | יו״ר הוועדה לחיזוק ופיתוח הנגב והגליל חבר ועחו״ב לשעבר יו״ר ועדת הכלכלה שר במשרד הביטחון השר לנושאים אסטרטגיים והשר לשוויון חברתי,N/A,joined july 2015
AvichayBuaron,False,1363,205,4195,נשוי לעפרה ואבא ל7 מקסימים,N/A,joined january 2016
BussoUriel,False,1960,460,10000,ח״כ שר הבריאות בממשלה ה-37 של מדינת ישראל .סיעת ש׳ס.,N/A,joined november 2019
ofercass,False,4512,227,33200,קומוניסט | חבר כנסת מטעם חדש-תעל. מהפכות ליברפול איירון מיידן והפועל. شيوعي | عضو كنيست عن الجبهة الديموقراطية والعربية للتغيير - (mk of hadash (dfpe,N/A,joined june 2015
AmichaiChikli,False,5260,3509,175100,israel minister of diaspora and combating antisemitism. married to hadas and father to yehonatan noga and uri.,israel,joined february 2021
almog_cohen08,False,11500,596,28200,חבר כנסת מטעם עוצמה יהודית. ממקימי יסמ יואב ורהט שירות ביחידת הסוכנים. מייסד הועד להצלת הנגב וסיירת בראל.,N/A,joined august 2022
elicoh1,False,5507,581,71500,שר האנרגיה והתשתיות וחבר הקבינט,israel,joined february 2015
MKmeircohen,False,1233,119,10400,שר הרווחה לשעבר ח״כ מטעם מפלגת יש עתיד | ראש עיריית דימונה לשעבר | נשוי לנעמה אב לשלושה וסב גאה לחמישה נכדים,israel,joined june 2017
cohen_meirav,False,7707,451,51000,ירושלמית | יו״ר הוועדה לטיפול בשורדי השואה | השרה לשוויון חברתי וגמלאים לשעבר | יש עתיד,ישראל,joined october 2016
ShalomDanino,False,85,38,269,חבר כנסת מטעם הליכוד איש הנגב,N/A,joined november 2022
dannydanon,False,5988,167,91100,israel's ambassador to the united nations,new york ny,joined june 2009
simondav14,False,2452,697,4341,ח״כ מטעם סיעת יש עתיד,ישראל,joined november 2016
elidallal32,False,720,54,1544,חבר כנסת ממפלגת הליכוד סגן ומ״מ ראש עיריית נתניה בעבר מהנדס בעל אבא סבא.,ישראל,joined november 2022
ariyederi,False,1943,84,158200,יו''ר תנועת ש''ס,ישראל,joined october 2012
avidichter,False,1800,31,50900,ח״כ אבי דיכטר - שר החקלאות וחבר הקבינט המדיני - ביטחוני. לשעבר ראש השב״כ יוזם חוק יסוד הלאום.,israel,joined april 2009
GalitDistel,False,3565,415,144500,"חברת הכנסת גלית דיסטל אטבריאן
הליכוד",N/A,joined april 2021
YuliEdelstein,False,4885,35,99800,"חבר הכנסת מטעם מפלגת הליכוד.
יושב ראש ועדת החוץ והביטחון של הכנסת.",#jerusalem,joined june 2010
eisenkotgadi,False,60,4,6796,הרמטכ''ל ה21 של מדינת ישראל רא''ל (מיל') גדי איזנקוט חבר כנסת מטעם מפלגת המחנה הממלכתי •  the 21th chief of general staff of the israel defense forces,ישראל,joined august 2022
KElharrar,False,5912,596,42500,שרת האנרגיה לשעבר,ישראל,joined july 2014
Eliyahu_a,False,1455,163,9427,השר למורשת. לשעבר יו''ר איגוד רבני קהילות בישראל. איש משפחה אוהב תורה אוהב את העם הזה ולוחם במי שמנסה למחוק את היהדות.,רימונים,joined november 2015
zeev_elkin,False,1489,793,33000,שר במשרד האוצר. סגן יו״ר מפלגת ״תקווה חדשה-הימין הממלכתי״,ירושלים,joined june 2015
FarkashOrit,False,2607,818,13900,mk israeli parliament. ח״כית מחנה ממלכתי former innovation & technology minister;tourism & strategic affairs minister & chair of israel’s electricity authority,israel,joined march 2019
tzvikafoghel,False,984,270,10900,חבר כנסת מטעם עוצמה יהודית | יושב ראש הוועדה לביטחון לאומי | תת אלוף במילואים | באנו לשנות.,N/A,joined november 2015
oded_forer,False,3715,611,14300,חבר כנסת יו״ר סיעת ישראל ביתנו ויו״ר ועדת העלייה הקליטה והתפוצות,N/A,joined june 2012
Yasminsfridman,False,1889,485,4217,חברת כנסת מטעם מפלגת יש עתיד,באר שבע,joined april 2021
mk_moshe_gafni,False,284,1,4043,יושב-ראש ועדת הכספים דגל התורה ▪︎ מופעל על ידי צוות הלשכה,israel,joined december 2022
yoavgallant,False,2328,445,174200,שר הביטחון ה-22 של מדינת ישראל ח״כ בתנועת הליכוד  אלוף במיל׳ ומפקד שייטת 13 בעבר.,israel,joined january 2017
GilaGamliel,False,2721,458,46200,שרת החדשנות המדע והטכנולוגיה • מפלגת הליכוד,N/A,joined november 2012
GolanMay,False,16800,340,32600,השרה לשוויון חברתי וקידום מעמד האישה • israel's social equality & women's advancement minister,s tel aviv israel - my fb:,joined january 2013
DOVRUTGoldknopf,False,353,3,3834,"יו""ר יהדות התורה שר הבינוי והשיכון ושר במשרד רה""מ. החשבון מופעל על ידי דוברות השר.",N/A,joined june 2023
TallyGotliv,False,2417,52,79100,חברת כנסת מטעם הליכוד. עו״ד 22 שנה בקירוב מומחית למשפט פלילי וזכויות יסוד 052-8699952,N/A,joined december 2019
sassong24,False,142,284,571,"חבר כנסת ה-25 מטעם מפלגת הליכוד.
נציג המושבים והמועצות האזוריות תושב גורן שבגליל. חבר כנסת שבלב עדיין נשאר חקלאי. נשוי ואב ל-4 ילדים מקסימים",N/A,joined march 2023
SharrenHaskel,False,3850,555,36100,deputy minister of foreign affairs of the state of israel,israel,joined june 2015
dillouz,False,2002,799,7873,"חבר כנסת מטעם הליכוד.
מאמין בלאומיות אהבת ארץ ישראל כלכלה חופשית וחיבור חזק למסורת ישראל.",ירושלים,joined july 2008
MatanKahana,False,9416,450,48200,חהכ מתן כהנא נשוי לליסה ואב ל-4 בנים. אלמ במיל טייס f16 ובוגר סיירת מטכל. בעל תואר שני במשפטים. המחנה הממלכתי.,בית גמליאל,joined january 2019
shlomo_karhi,False,7170,257,75900,שר התקשורת חבר כנסת מטעם סיעת הליכוד. דוקטור להנדסת תעשיה וניהול רואה חשבון נשוי ואב לשמונה. תושב עוטף עזה.,N/A,joined may 2016
KarivGilad,False,4422,736,32299,חבר כנסת מטעם מפלגת הדמוקרטים איש תנועת העבודה. רב ומשפטן. לשעבר מנכ״ל התנועה הרפורמית בישראל,israel,joined february 2015
Haim_Katz1,False,9,10,42,minister of tourism,israel,joined july 2024
Israel_katz,False,3235,221,174800,שר הביטחון של מדינת ישראל,כפר אחים,joined december 2016
OfirKatzMK,False,1500,595,14000,יו״ר הקואליציה ויו״ר ועדת הכנסת ה- 25,israel,joined may 2015
MKRonKatz,False,1934,110,5808,נשוי ללירון אבא של ינאי ורומי חבר כנסת מטעם מפלגת יש עתיד אוהב את המדינה ובאתי לשנות,N/A,joined january 2019
khatib_eman,False,82,49,2005,חברת הכנסת אימאן ח'טיב-יאסין - הרשימה הערבית המאוחדת,N/A,joined march 2020
YoavKisch,False,3615,225,91800,"שר החינוך של מדינת ישראל.
בואו נדבר על הדברים החשובים.",רמת גן,joined may 2012
_kushnir_alex,False,1492,578,8131,חבר כנסת לשעבר מטעם סיעת ישראל ביתנו,israel,joined january 2015
YoraiLahav,False,4454,1163,13100,"אבא של נעמי וחבר הכנסת מיש עתיד | knesset member yesh atid | 
באנו לשנות",N/A,joined january 2018
naamalazimi,False,26600,1173,36000,"חברת כנסת ממפלגת העבודה יור ועדת הצעירים של הכנסת. 
נשואה לאבי ואמא לרונה אסתר ואראל ציון. סוציאל דמוקרטית פמיניסטית שוחרת שלום ציונית מסורתית.",N/A,joined november 2013
MKMickeyLevy,False,2833,447,20000,יו״ר הוועדה לענייני ביקורת המדינה ויו״ר הכנסת ה-24. chairman of the state control committee & speaker of the 24th knesset,ישראל,joined february 2013
malkielim82,False,806,89,7126,השר לשירותי דת,israel,joined september 2020
YuliaMalinovsky,False,2757,600,9529,חברת כנסת מטעם סיעת ישראל ביתנו.,ישראל,joined november 2017
AVI_MAOZ,False,349,6,1115,יו״ר מפלגת נעם סגן השר ח״כ אבי מעוז.,N/A,joined january 2024
yakmargi,False,1710,372,8979,שר הרווחה והביטחון החברתי תנועת ש''ס.,מושב שדה צבי,joined september 2016
Tsega__Melaku,False,244,94,1932,חברת כנסת מטעם סיעת הליכוד דוקטור לתקשורת חברה בועדת החינוך העליה והקליטה העבודה והרווחה וצמצום פערים בפריפריה.,N/A,joined february 2023
hanochmilwidsky,False,4366,301,9101,חבר הכנסת ה-25 מטעם הליכוד סגן יו״ר הכנסת ממקימי המטה לאיחוד העם בליכוד.,ישראל,joined february 2018
netanyahu,False,12600,29,3100000,ראש הממשלה ויו״ר הליכוד,israel,joined october 2008
SharonNir11,False,1029,338,724,תא״ל (במיל׳) שרון ניר חברת כנסת מ״ישראל ביתנו״ חברה בועדת החוץ והביטחון חברה בועדת האתיקה לשעבר יועצת הרמטכ״ל לענייני מגדר,כנסת ישראל,joined october 2021
AyOdeh,False,2782,643,127600,יו''ר רשימת חד''ש-תע''ל | رئيس قائمة الجبهة والعربية للتغيير |  head of hadash-ta'al list,haifa,joined july 2014
AmirOhana,False,2900,837,162100,speaker of the knesset | יושב-ראש הכנסת | שר וחבר הקבינט המדיני-ביטחוני בממשלות ה-35-34 | רב-סרן במיל׳ | יוצא שב״כ | בן הזוג של אלון ואבא של אלה ודוד,tel-aviv,joined november 2013
MeirPorush,False,27,72,35,"minister of jerusalem affairs and jewish tradition
שר לענייני ירושלים והמסורת היהודית",jerusalem israel,joined july 2024
Efratrayten1,False,2948,415,32700,חברת כנסת מטעם מפלגת העבודה • יו״ר סיעת העבודה בכנסת ה-25 • לשעבר יו״ר ועדת העבודה והרווחה וחברה בוועדה לבחירת שופטים,N/A,joined february 2017
YRazvozov,False,872,184,10800,minister of tourism. israel נשוי לאירה. אבא של ניקול ואמילי. שר התיירות מטעם מפלגת יש עתיד.,N/A,joined may 2019
regev_miri,False,5864,1,204800,תא״ל (מיל׳) מירי רגב שרת התחבורה והבטיחות בדרכים וחברת הקבינט המדיני בטחוני.,N/A,joined october 2011
revivoeliyahu,False,534,130,1432,חבר הכנסת ה-25 מטעם מפלגת הליכוד. מרכז הקואליציה בועדת הכספים ויו״ר הועדה לעובדים זרים.,N/A,joined november 2022
idanroll,False,5236,463,22600,ח״כ במפלגת יש עתיד סגן שר החוץ לשעבר חבר ועדת חוץ וביטחון ויו״ר קבוצת הידידות ישראל-ארה״ב,N/A,joined october 2017
dtyt_msh,False,116,821,265,מועמד ברשימת הציונות הדתית לכנסת ה 25 אוהב קריוקי ואת הבת שלי.,N/A,joined july 2022
rothmar,False,38800,1353,100200,"חבר הכנסת ה-25
יור וועדת החוקה חוק ומשפט.
יור סיעת הציונות הדתית.

מחבר הספר",N/A,joined june 2009
gidonsaar,False,6278,2966,205600,שר החוץ של מדינת ישראל  minister of foreign affairs of the state of israel,israel,joined july 2009
MosheSaada1,False,544,92,22400,חבר כנסת מטעם תנועת הליכוד,ישראל,joined november 2022
sbyifat,False,1742,369,43100,"שרת החינוך לשעבר.
ד''ר לחינוך. 
בעבר- יו''ר ועדת הקורונה שרת הבינוי והשיכון יו''ר הועדה לזכויות הילד",ישראל,joined october 2015
OsherShkalim,False,721,168,1622,חבר כנסת בסיעת הליכוד,N/A,joined november 2022
MichalShir,False,1639,464,16600,ח״כ מטעם מפלגת יש עתיד. נשואה לארז ואמא לירדן ומיכאל.,N/A,joined march 2015
naorshiri,False,1371,477,8470,אב לאלי וגל. נשוי לקורל. חבר כנסת מטעם מפלגת יש עתיד הוד השרוני. באנו לשנות.,israel,joined november 2010
shitrit_keti,False,3328,669,17700,חברת הכנסת מטעם מפלגת הליכוד חברה בועדת חינוך ובריאות מעמד האישהלשעבר יו׳׳ר ועדת משנה לנערות צעירות בסיכון.,בית שמש,joined july 2015
iditsilman,False,815,146,27100,השרה להגנת הסביבה | חברת מפלגת הליכוד | נשואה לשמוליק ואמא לשלושה | לוחמת לקידום נשים ומובילת המאבק להשבת הבנים,N/A,joined january 2018
bezalelsm,False,16400,192,312100,יושב ראש מפלגת הציונות הדתית,ישראל,joined may 2015
ofir_sofer,False,5527,288,12100,שר העלייה והקליטה • minister of aliyah and integration | חבר כנסת במפלגת הציונות הדתית.,הגליל טפחות,joined december 2015
Moshe_solomon_,False,1204,92,2890,"סגן יו״ר הכנסת מסיעת הציונות הדתית | סא""ל במילואים | נשוי לרמה ואב ל-6",N/A,joined august 2022
Elazar_stern,False,1927,79,19400,"אלוף במיל' ח""כ אלעזר שטרן שר המודיעין לשעבר. יליד תל אביב. בן לניצולי שואה אב ל-5 וסב ל-14. ממייסדי הישוב הושעיה שבגליל. ראש אגף כוח אדם לשעבר.",israel,joined december 2012
oritstrock,False,2996,268,18800,שרת ההתיישבות והמשימות הלאומיות,N/A,joined march 2019
tzvisuccot,False,11400,624,22200,חבר כנסת מטעם הציונות הדתית,ישראל,joined october 2015
Waleedt68,False,227,777,4945,نائب عن القائمة العربية الموحدة - ח״כ - הרשימה הערבית המאוחדת,كفر قاسم,joined april 2018
yossitaieb,False,1050,489,3701,député et président du groupe d’amitié parlementaire israël france | ח״כ סיעת ש״ס יו״ר ועדת החינוך התרבות והספורט בכנסת.,ישראל,joined november 2018
Shellytalmeron,False,1592,590,2406,חברת כנסת מסיעת יש עתיד. יושבת ראש השדולה למען החטופים והשדולה למען נפגעות אלימות מינית במלחמת חרבות ברזל. באנו לשנות.,tel aviv israel,joined february 2023
MKOhadTal,False,1519,588,2841,"יו""ר סיעת הציונות הדתית יו""ר ועדת מ""צ חבר ועדת חוץ ובטחון
chair of rz faction in knesset chair of pe comm. member of foreign affairs and defense committee",N/A,joined november 2022
pnina_tamano_sh,False,2417,467,13100,"פנינה תמנו שטה חברת כנסת יור הוועדה לקידום מעמד האישה ושוויון מגדרי
 israel",N/A,joined january 2018
Ahmad_tibi,False,11000,1270,131600,knesset member but physician  חבר כנסת אבל רופא.. عضو كنيست ولكن..طبيب!,jerusalem,joined may 2009
BToporovsky,False,1755,251,13700,חבר הכנסת | נשוי ואב לשלושה ילדים מושלמים | לשעבר יו״ר סיעת יש עתיד ומרכז האופוזיציה | לשעבר יו״ר התאחדות הסטודנטים | ממקימי מפלגת ״יש עתיד״.,N/A,joined may 2019
hilitrooper,False,0,1,2648,"שר התרבות והספורט
סיעת כחול לבן",N/A,joined february 2022
MosheTurpaz,False,3057,593,5847,• סגן יור הכנסת • מפלגת יש עתיד • סא''ל (במיל') • חבר ועדת החינוך וועדת חוץ ובטחון. מחבר הספרים ״עינים בגב״ ו ״ח״כ במשמרת לילה יומן מלחמה״,N/A,joined november 2012
NissimVat,False,2,17,238,ס. יושב ראש הכנסת. חבר ועדת חוץ ובטחון. חבר הכנסת ה-23 וה-25.,N/A,joined april 2024
michalwoldiger,False,4212,311,10500,חברת כנסת. לשעבר יושבת ראש ארגון ההתנדבות בת עמי. פעילה חברתית בתחום בריאות הנפש וההתמכרויות. עורכת דין.,ישראל,joined march 2019
ItshakWaserlauf,False,3632,604,12400,שר הנגב הגליל והחוסן הלאומי. חבר כנסת במפלגת עוצמה יהודית. נשוי למוריה ואב לדוד אלחנן יעלה ומיכאל תושב תא.,ישראל,joined august 2019
Yaron_Levi_by,False,466,185,1219,חבר כנסת | יש עתיד | סגן ראש העיר בת-ים לשעבר.,ישראל,joined july 2015
Yitzik_kroizer,False,1351,861,5361,חבר כנסת ויושב ראש סיעת עוצמה יהודית | חבר הועדה למינוי שופטים | נשוי לעדי אבא של טליה יפתח ועפרי | יוצא סיירת נח''ל ושרות קבע בסיירת מטכ''ל | באנו לעבוד.,N/A,joined october 2022
zoharm7,False,3956,173,102100,"שר התרבות והספורט של ישראל | minister of culture and sports of israel |
אינסטגרם:",ישראל,joined june 2011
N12News,False,149100,650,754200,broadcasting news since 1993 • providing,israel,joined december 2008
channel13il,False,16800,1534,67100,"עמוד הטוויטר הרשמי של רשת 13
the official twitter account of reshet 13",israel,joined january 2009
Now14Israel,False,118300,199,147400,באפליקציה:,ישראל,joined november 2015
total_ego,False,242,1961,78,"הבית של אומנויות הלחימה וההיאבקות בישראל
the home of wwe bellator mma and all combat sports in israel",israel,joined july 2019
HOTnetil,False,6673,1606,15200,חברת hot מספקת את מגוון שירותי התקשורת הרחב בישראל תחת קורת גג אחת - טלויזיה רב-ערוצית אינטרנט מהיר ושירותי טלפון קווי מתקדמים,ישראל,joined may 2009
HOPchannel,False,79,146,202,"הופ! לגדול בידיים טובות.

הוט - ערוץ 77 יס - ערוץ 42",N/A,joined march 2010
i24NEWS_HE,False,17200,41,9333,ערוץ החדשות הראשון בישראל: עדכונים שוטפים מהארץ ומהעולם 24 שעות ביממה 7 ימים בשבוע,jaffa port,joined january 2024
real23tv,False,287,51,90,"1966-2018
חינוכיתוש ז""ל",קלאוזנר 14 רמת אביב תל אביב,joined november 2019
Israeli_Network,False,1885,72,215,the israeli network delivers current israeli television to israeli and jewish communities around the world,israel,joined october 2010
kann,False,30900,559,183500,אנחנו כאן,ישראל,joined april 2016
KnessetT,False,67000,2669,67400,"ה-x הרשמי של ערוץ כנסת •
מביאים לכם את הרגעים החשובים והמכריעים של הדמוקרטיה הישראלית בזמן אמת",גבעת רם ירושלים,joined september 2018
MTV_Israel,False,7,245,536,הטוויטר הרישמי של אמטיוי ישראל!,tel aviv,joined august 2010
RTVI_en,False,548,27,145,news interviews and opinions as seen on,new york,joined april 2020
yescoil,False,9324,470,5855,הטוויטר הרשמי של yes,N/A,joined february 2009
